Eastern Mediterranean Region	AFG	Afghanistan	Kabul	2019	119.77			18			U.S. Department of State, United States Environmental Protection Agency	NA	2022			
European Region	ALB	Albania	Durres	2015		17.65	26.63			83.96118721	European Environment Agency (downloaded in 2021)	NA	2022			
European Region	ALB	Albania	Durres	2016	14.32	24.56	24.78			87.93260474	European Environment Agency (downloaded in 2021)	NA	2022			
European Region	ALB	Albania	Elbasan	2015			23.96			97.85388128	European Environment Agency (downloaded in 2021)	NA	2022			
European Region	ALB	Albania	Elbasan	2016			26.26			96.0496357	European Environment Agency (downloaded in 2021)	NA	2022			
European Region	ALB	Albania	Elbasan	2017			24.7			89.29223744	European Environment Agency (downloaded in 2021)	NA	2022			
European Region	ALB	Albania	Korce	2015	30.34	45.31					European Environment Agency (downloaded in 2021)	NA	2022			
European Region	ALB	Albania	Korce	2016	28.64	40.21	12.52			89.28734062	European Environment Agency (downloaded in 2021)	NA	2022			
European Region	ALB	Albania	Vlore	2014		15.25					European Environment Agency (downloaded in 2021)	NA	2022			
European Region	ALB	Albania	Vlore	2015		19.39	14.18			78.47031963	European Environment Agency (downloaded in 2021)	NA	2022			
European Region	ALB	Albania	Vlore	2016		22.71					European Environment Agency (downloaded in 2021)	NA	2022			
European Region	ALB	Albania	Vlore	2019	10.32						European Environment Agency (downloaded in 2021)	NA	2022			
European Region	ALB	Albania	Vrith	2015	13.24	19.52	9.57			86.25570776	European Environment Agency (downloaded in 2021)	NA	2022			
European Region	AND	Andorra	Escaldes-Engordany	2012		27.5	31.64			100	European Environment Agency (downloaded in 2021)	NA	2022			
European Region	AND	Andorra	Escaldes-Engordany	2014		25.03	27.62			100	European Environment Agency (downloaded in 2021)	NA	2022			
European Region	AND	Andorra	Escaldes-Engordany	2015		27.04	26.65			94.55479452	European Environment Agency (downloaded in 2021)	NA	2022			
European Region	AND	Andorra	Escaldes-Engordany	2016		26.26	26.98			94.96812386	European Environment Agency (downloaded in 2021)	NA	2022			
European Region	AND	Andorra	Escaldes-Engordany	2017		26.3	28.74			95.10273973	European Environment Agency (downloaded in 2021)	NA	2022			
European Region	AND	Andorra	Escaldes-Engordany	2018		23.2	26.55			93.39041096	European Environment Agency (downloaded in 2021)	NA	2022			
European Region	AND	Andorra	Escaldes-Engordany	2019		24.58	31.01			92.1803653	European Environment Agency (downloaded in 2021)	NA	2022			
Eastern Mediterranean Region	ARE	United Arab Emirates	Abu Dhabi	2011		158.18	36.72				Environment Agency - Abu Dhabi	1 City Centre, 1 Industrial, 1 Road Side, 2 Urban/ Residential	2018			
Eastern Mediterranean Region	ARE	United Arab Emirates	Abu Dhabi	2012		165.3	38.22				Environment Agency - Abu Dhabi	1 City Centre, 2 Industrial, 1 Road Side, 2 Urban/ Residential	2018			
Eastern Mediterranean Region	ARE	United Arab Emirates	Abu Dhabi	2013		143.75	37.74				Environment Agency - Abu Dhabi	1 City Centre, 2 Industrial, 1 Road Side, 4 Urban/ Residential	2018			
Eastern Mediterranean Region	ARE	United Arab Emirates	Abu Dhabi	2014		108.6	39.58				Environment Agency - Abu Dhabi	1 City Centre, 2 Industrial, 1 Road Side, 4 Urban/ Residential	2018			
Eastern Mediterranean Region	ARE	United Arab Emirates	Abu Dhabi	2015		149.75	38.05				Environment Agency - Abu Dhabi	1 City Centre, 2 Industrial, 1 Road Side, 4 Urban/ Residential	2018			
Eastern Mediterranean Region	ARE	United Arab Emirates	Abu Dhabi	2017	32.79	122.17	30.05				Statistics Center - Abu Dhabi from Environment Agency - Abu Dhabi / PM2.5 : AirNow U.S. Department of State, United States Environmental Protection Agency.	1 down town, 2 Down Town, 3 Industrial, 2 Reference, 1 Reference-Industrial, 2 traffic, 8 Urban/Residential / FOR PM2.5 : US embassy	2022			
Eastern Mediterranean Region	ARE	United Arab Emirates	Abu Dhabi	2018	49.13	134.29	31.24	88.29385085			Statistics Center - Abu Dhabi from Environment Agency - Abu Dhabi/ PM2.5 : AirNow U.S. Department of State, United States Environmental Protection Agency.	1 down town, 2 Down Town, 3 Industrial, 2 Reference, 1 Reference-Industrial, 2 traffic, 8 Urban/Residential/ FOR PM2.5 : US embassy	2022			
Eastern Mediterranean Region	ARE	United Arab Emirates	Abu Dhabi	2019	44.4	108.52	30.89	89			Statistics Center - Abu Dhabi from Environment Agency - Abu Dhabi/ PM2.5 : AirNow U.S. Department of State, United States Environmental Protection Agency.	1 down town, 2 Down Town, 3 Industrial, 2 Reference, 1 Reference-Industrial, 2 traffic, 8 Urban/Residential/ FOR PM2.5 : US embassy	2022			
Eastern Mediterranean Region	ARE	United Arab Emirates	Abu Dhabi	2020		111.49	25.35				Statistics Center - Abu Dhabi from Environment Agency - Abu Dhabi	1 down town, 2 Down Town, 3 Industrial, 2 Reference, 1 Reference-Industrial, 3 traffic, 1 Traffic, 8 Urban/Residential	2022			
Eastern Mediterranean Region	ARE	United Arab Emirates	Ajman	2017			50.33				Statistics Center - Abu Dhabi from Environment Agency - Abu Dhabi	1 Residential	2022			
Eastern Mediterranean Region	ARE	United Arab Emirates	Ajman	2018		104.63	37.27				Statistics Center - Abu Dhabi from Environment Agency - Abu Dhabi	1 industrial, 4 Residential	2022			
Eastern Mediterranean Region	ARE	United Arab Emirates	Ajman	2019		78.35	27.54				Statistics Center - Abu Dhabi from Environment Agency - Abu Dhabi	1 industrial, 4 Residential	2022			
Eastern Mediterranean Region	ARE	United Arab Emirates	Ajman	2020		89.37	26.86				Statistics Center - Abu Dhabi from Environment Agency - Abu Dhabi	1 industrial, 6 Residential	2022			
Eastern Mediterranean Region	ARE	United Arab Emirates	Al Ain	2011		140.45	15.35				Environment Agency - Abu Dhabi	1 Road Side, 1 Urban/ Residential	2018			
Eastern Mediterranean Region	ARE	United Arab Emirates	Al Ain	2012		109.92	32.17				Environment Agency - Abu Dhabi	1 City Centre, 1 Road Side, 2 Urban/ Residential	2018			
Eastern Mediterranean Region	ARE	United Arab Emirates	Al Ain	2013		127.02	22.1				Environment Agency - Abu Dhabi	1 City Centre, 1 Regional Background, 1 Road Side, 3 Urban/ Residential	2018			
Eastern Mediterranean Region	ARE	United Arab Emirates	Al Ain	2014		97.7	26.47				Environment Agency - Abu Dhabi	1 City Centre, 1 Regional Background, 1 Road Side, 3 Urban/ Residential	2018			
Eastern Mediterranean Region	ARE	United Arab Emirates	Al Ain	2015		122.33	25.28				Environment Agency - Abu Dhabi	1 City Centre, 1 Regional Background, 1 Road Side, 3 Urban/ Residential	2018			
Eastern Mediterranean Region	ARE	United Arab Emirates	Al Gharbia	2011		159.97	11.23				Environment Agency - Abu Dhabi	1 City Centre, 1 Regional Background, 1 Urban/ Residential	2018			
Eastern Mediterranean Region	ARE	United Arab Emirates	Al Gharbia	2012		179.17	13				Environment Agency - Abu Dhabi	1 City Centre, 1 Regional Background, 1 Urban/ Residential	2018			
Eastern Mediterranean Region	ARE	United Arab Emirates	Al Gharbia	2013		125.92	14.52				Environment Agency - Abu Dhabi	1 City Centre, 1 Industrial, 1 Regional Background, 1 Regional Background / Industrial, 1 Road Side, 1 Urban/ Residential	2018			
Eastern Mediterranean Region	ARE	United Arab Emirates	Al Gharbia	2014		110.93	18.45				Environment Agency - Abu Dhabi	1 City Centre, 1 Industrial, 1 Regional Background, 1 Regional Background / Industrial, 1 Road Side, 1 Urban/ Residential	2018			
Eastern Mediterranean Region	ARE	United Arab Emirates	Al Gharbia	2015		153.36	15.06				Environment Agency - Abu Dhabi	1 City Centre, 1 Industrial, 1 Regional Background, 1 Regional Background / Industrial, 1 Urban/ Residential	2018			
Eastern Mediterranean Region	ARE	United Arab Emirates	Dubai	2017		102.95	57.86				Statistics Center - Abu Dhabi from Environment Agency - Abu Dhabi	1 Industrial, 1 Remote, 7 Residential, 2 Traffic	2022			
Eastern Mediterranean Region	ARE	United Arab Emirates	Dubai	2018	53.93	101.35	55.65	99.4856238			Statistics Center - Abu Dhabi from Environment Agency - Abu Dhabi/ PM2.5 : AirNow U.S. Department of State, United States Environmental Protection Agency.	1 Industrial, 1 Remote, 7 Residential, 2 Traffic	2022			
Eastern Mediterranean Region	ARE	United Arab Emirates	Dubai	2019	46.88	105.93	52.62	69			Statistics Center - Abu Dhabi from Environment Agency - Abu Dhabi/ PM2.5 : AirNow U.S. Department of State, United States Environmental Protection Agency.	1 Industrial, 1 Remote, 9 Residential, 2 Traffic	2022			
Eastern Mediterranean Region	ARE	United Arab Emirates	Dubai	2020		91.93	42.66				Statistics Center - Abu Dhabi from Environment Agency - Abu Dhabi	1 Industrial, 1 Remote, 10 Residential, 2 Traffic	2022			
Eastern Mediterranean Region	ARE	United Arab Emirates	Ras Al Khaimah	2017		116.07	41.86				Statistics Center - Abu Dhabi from Environment Agency - Abu Dhabi	3 Residential, 1 traffic	2022			
Eastern Mediterranean Region	ARE	United Arab Emirates	Ras Al Khaimah	2018		115.9	34.57				Statistics Center - Abu Dhabi from Environment Agency - Abu Dhabi	3 Residential, 1 traffic	2022			
Eastern Mediterranean Region	ARE	United Arab Emirates	Ras Al Khaimah	2019		115.88	31.3				Statistics Center - Abu Dhabi from Environment Agency - Abu Dhabi	3 Residential, 1 traffic	2022			
Eastern Mediterranean Region	ARE	United Arab Emirates	Ras Al Khaimah	2020		110.08	36.94				Statistics Center - Abu Dhabi from Environment Agency - Abu Dhabi	3 Residential, 1 traffic	2022			
Eastern Mediterranean Region	ARE	United Arab Emirates	Sharjah	2017		124.9	40.11				Statistics Center - Abu Dhabi from Environment Agency - Abu Dhabi	1 industrial, 1 Residential	2022			
Eastern Mediterranean Region	ARE	United Arab Emirates	Sharjah	2018		107.42	38.66				Statistics Center - Abu Dhabi from Environment Agency - Abu Dhabi	1 industrial, 1 Residential	2022			
Eastern Mediterranean Region	ARE	United Arab Emirates	Sharjah	2019		109.14	33.12				Statistics Center - Abu Dhabi from Environment Agency - Abu Dhabi	1 industrial, 1 Residential	2022			
Eastern Mediterranean Region	ARE	United Arab Emirates	Sharjah	2020		108.63	36.59				Statistics Center - Abu Dhabi from Environment Agency - Abu Dhabi	1 industrial, 1 Residential	2022			
Eastern Mediterranean Region	ARE	United Arab Emirates	Umm Al Quwain	2020		114.54	35.47				Statistics Center - Abu Dhabi from Environment Agency - Abu Dhabi	2 Residential	2022			
Region of the Americas	ARG	Argentina	Buenos Aires	2014	10.11			91			SPARTAN Network	NA	2022			
Region of the Americas	ARG	Argentina	Buenos Aires	2015	10.26	27.87		1.04			Agencia de Proteccion Ambiental, Buenos Aires, SPARTAN Network	NA	2022			
Region of the Americas	ARG	Argentina	Buenos Aires	2016		26.88	15.35		91.66666667	91.66666667	Agencia de Proteccion Ambiental	NA	2018			
Region of the Americas	ARG	Argentina	Buenos Aires	2017		25.4	19.57		100	100	buenos aires ciudad	NA	2022			
Region of the Americas	ARG	Argentina	Buenos Aires	2018		24.4	16.6		100	87.5	buenos aires ciudad	NA	2022			
Region of the Americas	ARG	Argentina	Buenos Aires	2019		25.5	18.25		97.2	87.5	buenos aires ciudad	NA	2022			
Western Pacific Region	AUS	Australia	Adelaide	2012	7.3	16.53	8.93				EPA South Australia	4 Residential, 2 Residential/Industry	2018			
Western Pacific Region	AUS	Australia	Adelaide	2013	7.25	16.87	8.65	97.5	96.92857144	94.47	EPA South Australia	5 Residential, 2 Residential/Industry	2018			
Western Pacific Region	AUS	Australia	Adelaide	2014	7.1	16.66	9.4	96.55	98.17142857	96.34	EPA South Australia	5 Residential, 2 Residential/Industry	2018			
Western Pacific Region	AUS	Australia	Adelaide	2015	7.45	16.06	9.78	97.4	96.92857143	94.46	EPA South Australia	5 Residential, 2 Residential/Industry	2018			
Western Pacific Region	AUS	Australia	Adelaide	2016	6.88	16.19	8.27	93.05	93.32857143	87.24	EPA South Australia	5 Residential, 2 Residential/Industry	2018			
Western Pacific Region	AUS	Australia	Adelaide	2017	7.54	16.47	13.45	95.2	95.42857143	87	EPA South Australia	6 Residential, 1 Residential/Industry, 1 Roadside	2022			
Western Pacific Region	AUS	Australia	Adelaide	2018	6.78	19.21	12.11	89.2	89.71428571	89	EPA South Australia	6 Residential, 1 Residential/Industry, 1 Roadside	2022			
Western Pacific Region	AUS	Australia	Adelaide	2019	6.14	20.64	11.57	97.2	91.42857143	91.85714286	EPA South Australia	6 Residential, 1 Residential/Industry, 1 Roadside	2022			
Western Pacific Region	AUS	Australia	Albany	2010		15.9					2016 Western Australia air monitoring report (June 2017)	NA	2018			
Western Pacific Region	AUS	Australia	Albany	2011		14.5					2016 Western Australia air monitoring report (June 2017)	NA	2018			
Western Pacific Region	AUS	Australia	Albany	2012		15		93.05	93.32857143	19.644	2016 Western Australia air monitoring report (June 2017)	NA	2018			
Western Pacific Region	AUS	Australia	Albany	2013		15.4		96.61	98.17142863	20.554	2016 Western Australia air monitoring report (June 2017)	NA	2018			
Western Pacific Region	AUS	Australia	Albany	2014		16		93.05	93.32857143	17.824	2016 Western Australia air monitoring report (June 2017)	NA	2018			
Western Pacific Region	AUS	Australia	Albany	2015		15.9					2016 Western Australia air monitoring report (June 2017)	NA	2018			
Western Pacific Region	AUS	Australia	Albany	2016		17.5		96.58	98.1714286	15.094	2016 Western Australia air monitoring report (June 2017)	NA	2018			
Western Pacific Region	AUS	Australia	Albury	2013		15.78					Office of Environment and Heritage NSW Government	1 Campaign Site	2018			
Western Pacific Region	AUS	Australia	Albury	2014		15.93		96.63	98.17142865	24.194	Office of Environment and Heritage NSW Government	1 Campaign Site	2018			
Western Pacific Region	AUS	Australia	Albury	2015		14.59		97.13	96.92857152	94.55	Office of Environment and Heritage NSW Government	1 Campaign Site	2018			
Western Pacific Region	AUS	Australia	Albury	2016		15.05		97.12	96.92857151	94.54	Office of Environment and Heritage NSW Government	1 Campaign Site	2018			
Western Pacific Region	AUS	Australia	Albury	2019	10.1	23.4		99.2	98.6		NSW Department of Planning, Industry and Environment 2019 NEPM (in preparation)	1 Rural City/Centre	2022			
Western Pacific Region	AUS	Australia	Armidale	2019	17.2	27.9		95.9	92.3		NSW Department of Planning, Industry and Environment 2019 NEPM (in preparation)	1 Rural City/Centre	2022			
Western Pacific Region	AUS	Australia	Ayr	2014		19.9		93.05	93.32857143	26.924	http://www.qld.gov.au/environment/pollution/monitoring/air-monitoring/network-stations/	1 Rural (small town)	2016			
Western Pacific Region	AUS	Australia	Ayr	2015		24.01					Queensland Government Data	NA	2018			
Western Pacific Region	AUS	Australia	Bathurst	2013		15.11		96.66	98.17142868	29.654	Office of Environment and Heritage NSW Government	1 Campaign Site	2018			
Western Pacific Region	AUS	Australia	Bathurst	2014		14.59					Office of Environment and Heritage NSW Government	1 Campaign Site	2018			
Western Pacific Region	AUS	Australia	Bathurst	2015		13.41					Office of Environment and Heritage NSW Government	1 Campaign Site	2018			
Western Pacific Region	AUS	Australia	Bathurst	2016		13.29		93.05	93.32857143	28.744	Office of Environment and Heritage NSW Government	1 Campaign Site	2018			
Western Pacific Region	AUS	Australia	Bathurst	2019	11.3	27.4		98.6	99.2		NSW Department of Planning, Industry and Environment 2019 NEPM (in preparation)	1 Rural City/Centre	2022			
Western Pacific Region	AUS	Australia	Bream Creek	2019	4	8		99.7	99.7		EPA Tasmania	1 rural	2022			
Western Pacific Region	AUS	Australia	Brisbane	2014	5.72	15.84		93.05	93.32857143	32.384	http://www.environment.act.gov.au/__data/assets/pdf_file/0005/745646/2014-ACT-Air-Quality-Report-v1-0.pdf, http://www.qld.gov.au/environment/assets/documents/pollution/monitoring/air-reports/air-monitoring-report.pdf, http://www.qld.gov.au/environment/pollution/monitoring/air-monitoring/network-stations/	1 industrial/residential, 1 light industry/residential, 2 residential, 4 Residential (inner urban)	2016			
Western Pacific Region	AUS	Australia	Brisbane	2015	6.08	15.59		93.05	93.32857143	34.204	Queensland Government Data	NA	2018			
Western Pacific Region	AUS	Australia	Brisbane	2016	6.61	15.21	7.22	97.18	96.92857157	94.6	Queensland Government Data	NA	2018			
Western Pacific Region	AUS	Australia	Brisbane	2019	7.5	19.5	8.43	91.33333333	92.25	98.33333333	Qld Govt Open Data Portal	1 Urban, 3 Urban residential	2022			
Western Pacific Region	AUS	Australia	Bunbury	2010	9.2	17.6		96.73	98.17142875	42.394	2016 Western Australia air monitoring report (June 2017)	NA	2018			
Western Pacific Region	AUS	Australia	Bunbury	2011	8	17		93.05	93.32857143	37.844	2016 Western Australia air monitoring report (June 2017)	NA	2018			
Western Pacific Region	AUS	Australia	Bunbury	2012	8.6	17.5					2016 Western Australia air monitoring report (June 2017)	NA	2018			
Western Pacific Region	AUS	Australia	Bunbury	2013	7.8	16.8					2016 Western Australia air monitoring report (June 2017)	NA	2018			
Western Pacific Region	AUS	Australia	Bunbury	2014	7.8	16.1		97.2	96.92857159	94.62	2016 Western Australia air monitoring report (June 2017)	NA	2018			
Western Pacific Region	AUS	Australia	Bunbury	2015	9.3	17.5		96.71	98.17142873	38.754	2016 Western Australia air monitoring report (June 2017)	NA	2018			
Western Pacific Region	AUS	Australia	Bunbury	2016	8.4	16.5		97.19	96.92857158	94.61	2016 Western Australia air monitoring report (June 2017)	NA	2018			
Western Pacific Region	AUS	Australia	Busselton	2010	8.5			96.77	98.17142879	49.674	2016 Western Australia air monitoring report (June 2017)	NA	2018			
Western Pacific Region	AUS	Australia	Busselton	2011	8.5			97.25	96.92857164	94.67	2016 Western Australia air monitoring report (June 2017)	NA	2018			
Western Pacific Region	AUS	Australia	Busselton	2012	8.6			97.23	96.92857162	94.65	2016 Western Australia air monitoring report (June 2017)	NA	2018			
Western Pacific Region	AUS	Australia	Busselton	2013	7.7						2016 Western Australia air monitoring report (June 2017)	NA	2018			
Western Pacific Region	AUS	Australia	Busselton	2014	7.2			96.74	98.17142876	44.214	2016 Western Australia air monitoring report (June 2017)	NA	2018			
Western Pacific Region	AUS	Australia	Busselton	2015	8.6			93.05	93.32857143	48.764	2016 Western Australia air monitoring report (June 2017)	NA	2018			
Western Pacific Region	AUS	Australia	Busselton	2016	8.1			96.76	98.17142878	47.854	2016 Western Australia air monitoring report (June 2017)	NA	2018			
Western Pacific Region	AUS	Australia	Campbell Town	2019	5.4	9.1		99.7	99.7		EPA Tasmania	1 residential	2022			
Western Pacific Region	AUS	Australia	Canberra	2010	6.7	11.1		97.27	96.92857166	94.69	ACT Air Quality Reports	NA	2018			
Western Pacific Region	AUS	Australia	Canberra	2011	6.5	10.4		93.05	93.32857143	52.404	ACT Air Quality Reports	NA	2018			
Western Pacific Region	AUS	Australia	Canberra	2012	7.1	10.4		97.29	96.92857168	94.71	ACT Air Quality Reports	NA	2018			
Western Pacific Region	AUS	Australia	Canberra	2013	6.9	9.8					ACT Air Quality Reports	NA	2018			
Western Pacific Region	AUS	Australia	Canberra	2014	6.8	10		96.78	98.1714288	51.494	ACT Air Quality Reports	NA	2018			
Western Pacific Region	AUS	Australia	Canberra	2019	13.9	21.93	9.42	97.9	97.93333333	93.65	ACT Governement	3 Urban background	2022			
Western Pacific Region	AUS	Australia	Central Coast	2014	5.5						http://www.environment.nsw.gov.au/resources/aqms/150004nswairqual14.pdf	1 race course	2016			
Western Pacific Region	AUS	Australia	Central Coast	2019	10.5	21.1	7.83	92.9	97.5	97.534	NSW Department of Planning, Industry and Environment 2019 NEPM (in preparation)	1 Residential Suburban	2022			
Western Pacific Region	AUS	Australia	Collie	2010		22.8		97.32	96.92857171	94.74	2016 Western Australia air monitoring report (June 2017)	NA	2018			
Western Pacific Region	AUS	Australia	Collie	2011		19.6		97.34	96.92857173	94.76	2016 Western Australia air monitoring report (June 2017)	NA	2018			
Western Pacific Region	AUS	Australia	Collie	2012		20					2016 Western Australia air monitoring report (June 2017)	NA	2018			
Western Pacific Region	AUS	Australia	Collie	2013		20.1		96.84	98.17142886	62.414	2016 Western Australia air monitoring report (June 2017)	NA	2018			
Western Pacific Region	AUS	Australia	Collie	2014		19.2		93.05	93.32857143	61.504	2016 Western Australia air monitoring report (June 2017)	NA	2018			
Western Pacific Region	AUS	Australia	Collie	2015		22.4		93.05	93.32857143	63.324	2016 Western Australia air monitoring report (June 2017)	NA	2018			
Western Pacific Region	AUS	Australia	Collie	2016		19.3		96.83	98.17142885	60.594	2016 Western Australia air monitoring report (June 2017)	NA	2018			
Western Pacific Region	AUS	Australia	Cygnet	2019	8.4	12.9		99.7	99.7		EPA Tasmania	1 residential	2022			
Western Pacific Region	AUS	Australia	Darwin	2013	6.9	19.8	7.8	93.05	93.32857143	68.784	NT-EPA	1 Urban	2018			
Western Pacific Region	AUS	Australia	Darwin	2014	8.1	21.7	8	86	86	73	Northern Territory Ambient Air Quality Monitoring Report 2014	1 urban	2022			
Western Pacific Region	AUS	Australia	Darwin	2014	8.1	21.7	8	93.05	93.32857143	70.604	NT-EPA	1 Urban	2018			
Western Pacific Region	AUS	Australia	Darwin	2015	8.6	22.4	5.1	98	96	95	Northern Territory Ambient Air Quality Monitoring Report 2014	1 urban	2022			
Western Pacific Region	AUS	Australia	Darwin	2015	8.6	22.4	5.1				NT-EPA	1 Urban	2018			
Western Pacific Region	AUS	Australia	Darwin	2016	6.49	16.4	5	99	99	95	Nothern Territory Environnement Protection Authority	1 urban	2022			
Western Pacific Region	AUS	Australia	Darwin	2016	6.5	16.4	5	96.86	98.17142888	66.054	NT-EPA	1 Urban	2018			
Western Pacific Region	AUS	Australia	Darwin	2017	7	17.65	5.75	66.5	66.5	77.5	Northern Territory Ambient Air Quality Monitoring Report 2017	2 urban	2022			
Western Pacific Region	AUS	Australia	Darwin	2018	8.7	17.95	3.8	90.5	90.5	89	Northern Territory Ambient Air Quality Monitoring Report 2018	2 urban	2022			
Western Pacific Region	AUS	Australia	Darwin	2019	9.1	22.8	3.65	96.5	96.5	91	Nothern Territory Environnement Protection Authority	2 urban	2022			
Western Pacific Region	AUS	Australia	Deloraine	2019	5.8	10.1		99.7	99.7		EPA Tasmania	1 residential	2022			
Western Pacific Region	AUS	Australia	Derby	2019	3.1	9.3		99.5	99.5		EPA Tasmania	1 residential	2022			
Western Pacific Region	AUS	Australia	Devonport	2013	6.4			96.9	98.17142892	73.334	Environment Protection Authority	1 residential	2016			
Western Pacific Region	AUS	Australia	Devonport	2019	6.05	14.15		91.6	99.1		EPA Tasmania	2 residential	2022			
Western Pacific Region	AUS	Australia	Emu River	2019	2.1	5.8		99.7	99.7		EPA Tasmania	1 rural	2022			
Western Pacific Region	AUS	Australia	Exeter	2019	3.2	7.5		99.7	99.7		EPA Tasmania	1 rural	2022			
Western Pacific Region	AUS	Australia	Fingal	2019	2.3	6.3		98.4	98.4		EPA Tasmania	1 rural	2022			
Western Pacific Region	AUS	Australia	Geelong	2013		19.5		97.41	96.9285718	94.83	http://www.epa.vic.gov.au/our-work/monitoring-the-environment/monitoring-victorias-air/monitoring-results/~/media/Files/Our%20work/Monitoring%20the%20environment/Monitoring%20Vics%20air/monitoring%20results/2013-data-tables.pdf	NA	2016			
Western Pacific Region	AUS	Australia	Geelong	2014		17.5		96.91	98.17142893	75.154	EPA Victoria, Environment Protection Authority Macleod	1 Residential/Light Industry	2016			
Western Pacific Region	AUS	Australia	Geeveston	2019	15.8	20.3		99.2	99.2		EPA Tasmania	1 residential	2022			
Western Pacific Region	AUS	Australia	George Town	2019	4	9.9		95.9	95.9		EPA Tasmania	1 residential	2022			
Western Pacific Region	AUS	Australia	Geraldton	2010		21.7		93.05	93.32857143	81.524	2016 Western Australia air monitoring report (June 2017)	NA	2018			
Western Pacific Region	AUS	Australia	Geraldton	2011		19.6		96.95	98.17142897	82.434	2016 Western Australia air monitoring report (June 2017)	NA	2018			
Western Pacific Region	AUS	Australia	Geraldton	2012		21.3		93.05	93.32857143	77.884	2016 Western Australia air monitoring report (June 2017)	NA	2018			
Western Pacific Region	AUS	Australia	Geraldton	2013		20.9					2016 Western Australia air monitoring report (June 2017)	NA	2018			
Western Pacific Region	AUS	Australia	Geraldton	2014		22.3		96.94	98.17142896	80.614	2016 Western Australia air monitoring report (June 2017)	NA	2018			
Western Pacific Region	AUS	Australia	Geraldton	2015		20.2					2016 Western Australia air monitoring report (June 2017)	NA	2018			
Western Pacific Region	AUS	Australia	Geraldton	2016		18.8		96.93	98.17142895	78.794	2016 Western Australia air monitoring report (June 2017)	NA	2018			
Western Pacific Region	AUS	Australia	Gladstone	2014	4.95	14.03		97.46	96.92857185	94.88	http://www.qld.gov.au/environment/assets/documents/pollution/monitoring/air-reports/air-monitoring-report.pdf, http://www.qld.gov.au/environment/pollution/monitoring/air-monitoring/network-stations/	1 industrial/residential, 2 Residential (outer urban), 1 Rural (small town)	2016			
Western Pacific Region	AUS	Australia	Gladstone	2015	4.09	13.01	6.15	93.05	93.32857143	83.344	Queensland Government Data	NA	2018			
Western Pacific Region	AUS	Australia	Gladstone	2016	4.88	13.82	8.73	96.96	98.17142898	84.254	Queensland Government Data	NA	2018			
Western Pacific Region	AUS	Australia	Gladstone	2019	7.1	17.57	4.77	95.33333333	95.33333333	98.33333333	Qld Govt Open Data Portal	1 Urban background, 2 Urban residential	2022			
Western Pacific Region	AUS	Australia	Glenorchy	2019	4.2	7.9		99.7	99.7		EPA Tasmania	1 residential	2022			
Western Pacific Region	AUS	Australia	Gold Coast	2019	8.3	19.7	6.3	91	91	98	Qld Govt Open Data Portal	1 Urban residential	2022			
Western Pacific Region	AUS	Australia	Goldfields	2019	5.55	15.21		97.7	97.7		Department of Water and Environmental Regulation	1 regional town	2022			
Western Pacific Region	AUS	Australia	Gretna	2019	3.8	8.1		99.7	99.7		EPA Tasmania	1 rural	2022			
Western Pacific Region	AUS	Australia	Gunnedah	2019	11.2	24.8	9.7	94.2	91.8	98.082	NSW Department of Planning, Industry and Environment 2019 NEPM (in preparation)	1 Rural City/Centre	2022			
Western Pacific Region	AUS	Australia	Hadspen	2019	8.9	13.4		98.4	98.4		EPA Tasmania	1 residential	2022			
Western Pacific Region	AUS	Australia	Hobart	2010	35.6						NEPM	NA	2018			
Western Pacific Region	AUS	Australia	Hobart	2011	24.9			96.99	98.17142901	89.714	NEPM	NA	2018			
Western Pacific Region	AUS	Australia	Hobart	2012	37.5			97.48	96.92857187	94.9	NEPM	NA	2018			
Western Pacific Region	AUS	Australia	Hobart	2013	6.1			97.49	96.92857188	94.91	Environment Protection Authority	1 residential	2016			
Western Pacific Region	AUS	Australia	Hobart	2013	48.7			93.05	93.32857143	88.804	NEPM	NA	2018			
Western Pacific Region	AUS	Australia	Hobart	2019	6.5	11.6		94	82		EPA Tasmania	1 residential	2022			
Western Pacific Region	AUS	Australia	Huonville	2019	6.1	9.7		99.7	99.7		EPA Tasmania	1 residential	2022			
Western Pacific Region	AUS	Australia	Ipswich	2015		14.59	6.32				Queensland Government Data	NA	2018			
Western Pacific Region	AUS	Australia	Ipswich	2016		13.1	14.91	93.05	93.32857143	57.864	Queensland Government Data	NA	2018			
Western Pacific Region	AUS	Australia	Ipswich	2019		24.3	9.9		100	99	Qld Govt Open Data Portal	1 Urban residential	2022			
Western Pacific Region	AUS	Australia	Jondaryan	2015	5.76	18.71		93.05	93.32857143	92.444	Queensland Government Data	NA	2018			
Western Pacific Region	AUS	Australia	Jondaryan	2016	5.1	16.65		96.1	98.17142902	91.534	Queensland Government Data	NA	2018			
Western Pacific Region	AUS	Australia	Judbury	2019	4.3	8.4		99.5	99.5		EPA Tasmania	1 rural	2022			
Western Pacific Region	AUS	Australia	Latrobe	2019	8	14.1		94.8	94.8		EPA Tasmania	1 residential	2022			
Western Pacific Region	AUS	Australia	Latrobe Valley	2013	12.9	20.83					http://www.epa.vic.gov.au/our-work/monitoring-the-environment/monitoring-victorias-air/epa-air-monitoring-network, http://www.epa.vic.gov.au/our-work/monitoring-the-environment/monitoring-victorias-air/monitoring-results/~/media/Files/Our%20work/Monitoring%20the%20environment/Monitoring%20Vics%20air/monitoring%20results/2013-data-tables.pdf	1 rural (small town)	2016			
Western Pacific Region	AUS	Australia	Latrobe Valley	2014	8.25	16.2		96.101	98.17142903	93.354	EPA Victoria, Environment Protection Authority Macleod, http://www.epa.vic.gov.au/our-work/monitoring-the-environment/monitoring-victorias-air/epa-air-monitoring-network	1 residential, Rural, 1 rural (small town)	2016			
Western Pacific Region	AUS	Australia	Latrobe Valley	2019	7.37	17.63	11.7				Environment Protection Authority Victoria	6 Rural / Industrial	2022			
Western Pacific Region	AUS	Australia	Launceston	2013	8.1			96.102	98.17142904	95.174	Environment Protection Authority	1 Rural (small town)	2016			
Western Pacific Region	AUS	Australia	Launceston	2019	7.6	16.9		82	98		EPA Tasmania	1 residential	2022			
Western Pacific Region	AUS	Australia	Lilydale	2019	4.3	9.4		99.7	99.7		EPA Tasmania	1 residential	2022			
Western Pacific Region	AUS	Australia	Longford	2019	9.4	14.2		95.3	95.3		EPA Tasmania	1 residential	2022			
Western Pacific Region	AUS	Australia	Mackay	2014		17.2		96.104	98.17142906	98.814	http://www.qld.gov.au/environment/assets/documents/pollution/monitoring/air-reports/air-monitoring-report.pdf	1 residential rural	2016			
Western Pacific Region	AUS	Australia	Mackay	2015		21.98		97.53	96.92857192	94.95	Queensland Government Data	NA	2018			
Western Pacific Region	AUS	Australia	Mackay	2016		19.75					Queensland Government Data	NA	2018			
Western Pacific Region	AUS	Australia	Mackay	2019		24.1			98		Qld Govt Open Data Portal	1 Urban background	2022			
Western Pacific Region	AUS	Australia	Melbourne	2010	22.9			97.55	96.92857194	94.97	NEPM	NA	2018			
Western Pacific Region	AUS	Australia	Melbourne	2011	20.2						NEPM	NA	2018			
Western Pacific Region	AUS	Australia	Melbourne	2012	26.3						NEPM	NA	2018			
Western Pacific Region	AUS	Australia	Melbourne	2013	6.6	18.45		93.05	93.32857143	10.1544	http://www.epa.vic.gov.au/our-work/monitoring-the-environment/monitoring-victorias-air/monitoring-results/~/media/Files/Our%20work/Monitoring%20the%20environment/Monitoring%20Vics%20air/monitoring%20results/2013-data-tables.pdf	1 Industry/Residential, 1 Light Industry, 5 Residential, 1 Residential/Light Industry	2016			
Western Pacific Region	AUS	Australia	Melbourne	2014	7.7	17.31		93.05	93.32857143	99.724	EPA Victoria, Environment Protection Authority Macleod	1 Industry/Residential, 1 Light Industry, 5 Residential, 1 Residential/Light Industry	2016			
Western Pacific Region	AUS	Australia	Melbourne	2019	7.1	19.61	16.21				Environment Protection Authority Victoria	1 Central Business District, 2 Urban, 4 Urban / Industrial	2022			
Western Pacific Region	AUS	Australia	Midwest	2019		22.16			99.5		Department of Water and Environmental Regulation	1 residential (high density)	2022			
Western Pacific Region	AUS	Australia	Moranbah	2014		20.5		93.05	93.32857143	10.3364	http://www.qld.gov.au/environment/pollution/monitoring/air-monitoring/network-stations/	1 Rural (small town)	2016			
Western Pacific Region	AUS	Australia	Moranbah	2015		21.48					Queensland Government Data	NA	2018			
Western Pacific Region	AUS	Australia	Moranbah	2016		22.32		96.107	98.17142909	10.4274	Queensland Government Data	NA	2018			
Western Pacific Region	AUS	Australia	Mornington	2019	3.3	8.4		99.7	99.7		EPA Tasmania	1 residential	2022			
Western Pacific Region	AUS	Australia	Mount Isa	2014		15.7					http://www.qld.gov.au/environment/assets/documents/pollution/monitoring/air-reports/air-monitoring-report.pdf	1 industrial/residential	2016			
Western Pacific Region	AUS	Australia	Mount Isa	2015		19.48		93.05	93.32857143	10.7004	Queensland Government Data	NA	2018			
Western Pacific Region	AUS	Australia	Mount Isa	2016		16.79		93.05	93.32857143	10.5184	Queensland Government Data	NA	2018			
Western Pacific Region	AUS	Australia	Mount Isa	2019		29.5			96		Qld Govt Open Data Portal	1 Urban residential	2022			
Western Pacific Region	AUS	Australia	Muswellbrook	2013	9.41	22.64		96.111	98.17142913	11.1554	Office of Environment and Heritage NSW Government	1 Population Centre	2018			
Western Pacific Region	AUS	Australia	Muswellbrook	2014	9.7	21.44	19.47	97.6	96.92857199	95.02	Office of Environment and Heritage NSW Government	1 Population Centre	2018			
Western Pacific Region	AUS	Australia	Muswellbrook	2015	8.66	19.1	17.78				Office of Environment and Heritage NSW Government	1 Population Centre	2018			
Western Pacific Region	AUS	Australia	Muswellbrook	2016	8.42	19.24	17.75				Office of Environment and Heritage NSW Government	1 Population Centre	2018			
Western Pacific Region	AUS	Australia	Muswellbrook	2019	12.2	34.4	20.46	95.1	99.2	97.5	NSW Department of Planning, Industry and Environment 2019 NEPM (in preparation)	1 Rural City/Centre	2022			
Western Pacific Region	AUS	Australia	Narrabri	2019	7.8	23.2		98.6	98.6		NSW Department of Planning, Industry and Environment 2019 NEPM (in preparation)	1 Rural City/Centre	2022			
Western Pacific Region	AUS	Australia	New Norfolk	2019	7.8	12.8		99.7	99.7		EPA Tasmania	1 residential	2022			
Western Pacific Region	AUS	Australia	Newcastle/Lower Hunter	2013	7.94	22.01	17.01				Office of Environment and Heritage NSW Government	2 Campaign Site, 1 Trend Site	2018			
Western Pacific Region	AUS	Australia	Newcastle/Lower Hunter	2014	7.43	19.22		93.05	93.32857143	11.6104	Office of Environment and Heritage NSW Government	2 Campaign Site, 1 Trend Site	2018			
Western Pacific Region	AUS	Australia	Newcastle/Lower Hunter	2015	7.93	22.85		96.114	98.17142916	11.7014	Office of Environment and Heritage NSW Government	2 Campaign Site, 3 Non Nepm Site, 1 Trend Site	2018			
Western Pacific Region	AUS	Australia	Newcastle/Lower Hunter	2016	8.14	23.1	16.34				Office of Environment and Heritage NSW Government	2 Campaign Site, 3 Non Nepm Site, 1 Trend Site	2018			
Western Pacific Region	AUS	Australia	Newcastle/Lower Hunter	2019	11.13	25.73	15.72	96.8	97.43333333	95.34233333	NSW Department of Planning, Industry and Environment 2019 NEPM (in preparation)	3 Residential Suburban	2022			
Western Pacific Region	AUS	Australia	Oatlands	2019	5.4	8.4		99.7	99.7		EPA Tasmania	1 residential	2022			
Western Pacific Region	AUS	Australia	Orange	2019	15.8	28.3		94	94		NSW Department of Planning, Industry and Environment 2019 NEPM (in preparation)	1 Rural City/Centre	2022			
Western Pacific Region	AUS	Australia	Palmerston	2012	12	25.9	7	97.67	96.92857206	95.09	NEPM	1 Sub-Urban	2018			
Western Pacific Region	AUS	Australia	Palmerston	2014	9.25	21.1	7.6	82	83	81	Northern Territory Ambient Air Quality Monitoring Report 2014	1 sub-urban	2022			
Western Pacific Region	AUS	Australia	Palmerston	2014	9.3	21.1		93.05	93.32857143	12.3384	NEPM	1 Sub-Urban	2018			
Western Pacific Region	AUS	Australia	Palmerston	2015	7.8	20.1	7.4	94	93	94	Northern Territory Ambient Air Quality Monitoring Report 2015	1 sub-urban	2022			
Western Pacific Region	AUS	Australia	Palmerston	2015	7.8	20.1	7.4	97.66	96.92857205	95.08	NEPM	1 Sub-Urban	2018			
Western Pacific Region	AUS	Australia	Palmerston	2016	7.15	15.2	3.8	92	92	93	Nothern Territory Environnement Protection Authority	1 sub-urban	2022			
Western Pacific Region	AUS	Australia	Palmerston	2016	7.2	15.2		93.05	93.32857143	11.9744	NEPM	1 Sub-Urban	2018			
Western Pacific Region	AUS	Australia	Palmerston	2017	7.3	19.5	4.5	96	96	85	Northern Territory Ambient Air Quality Monitoring Report 2017	1 sub-urban	2022			
Western Pacific Region	AUS	Australia	Palmerston	2018	8.7	19.7	4.9	97	97	96	Northern Territory Ambient Air Quality Monitoring Report 2018	1 sub-urban	2022			
Western Pacific Region	AUS	Australia	Palmerston	2019	9.75	22	4.5	99	99	94	Nothern Territory Environnement Protection Authority	1 sub-urban	2022			
Western Pacific Region	AUS	Australia	Perth	2010	8.22	17.27		93.05	93.32857143	12.5204	2016 Western Australia air monitoring report (June 2017)	NA	2018			
Western Pacific Region	AUS	Australia	Perth	2011	7.45	15.93		93.05	93.32857143	12.7024	2016 Western Australia air monitoring report (June 2017)	NA	2018			
Western Pacific Region	AUS	Australia	Perth	2012	8.2	16.63		96.121	98.17142923	12.9754	2016 Western Australia air monitoring report (June 2017)	NA	2018			
Western Pacific Region	AUS	Australia	Perth	2013	7.82	15.83					2016 Western Australia air monitoring report (June 2017)	NA	2018			
Western Pacific Region	AUS	Australia	Perth	2014	7.95	16.77					2016 Western Australia air monitoring report (June 2017)	NA	2018			
Western Pacific Region	AUS	Australia	Perth	2015	8.5	17.03		93.05	93.32857143	12.8844	2016 Western Australia air monitoring report (June 2017)	NA	2018			
Western Pacific Region	AUS	Australia	Perth	2016	7.54		3.76	98.7		99.6	Department of Water and Environmental Regulation	1 residential coastal high density)	2022			
Western Pacific Region	AUS	Australia	Perth	2016	7.68	15.05		96.119	98.17142921	12.6114	2016 Western Australia air monitoring report (June 2017)	NA	2018			
Western Pacific Region	AUS	Australia	Perth	2019	6.84	12.58	9.09	96.2	95.96666667	97.35	Department of Water and Environmental Regulation, EPA Tasmania	1 residential	2022			
Western Pacific Region	AUS	Australia	Perth	2019	6.84	12.58	9.09	96.2	95.96666667	97.35	Department of Water and Environmental Regulation, EPA Tasmania	1 coastal (medium density), 2 residential (high density), 1 residential coastal (low density), 2 semi-rural (low density)	2022			
Western Pacific Region	AUS	Australia	Port Pirie	2017		15.8			92		EPA South Australia	1 Residential/Industry	2022			
Western Pacific Region	AUS	Australia	Port Pirie	2018		19.7			94		EPA South Australia	1 Residential/Industry	2022			
Western Pacific Region	AUS	Australia	Port Pirie	2019		19.9			94		EPA South Australia	1 Residential/Industry	2022			
Western Pacific Region	AUS	Australia	Queenstown	2019	5.9	9.9		99.7	99.7		EPA Tasmania	1 residential	2022			
Western Pacific Region	AUS	Australia	Scottsdale	2019	6.2	10.8		99.7	99.7		EPA Tasmania	1 residential	2022			
Western Pacific Region	AUS	Australia	Sheffield	2019	4.2	8.1		99.7	99.7		EPA Tasmania	1 residential	2022			
Western Pacific Region	AUS	Australia	Singleton	2013	7.85	23.29		96.126	98.17142928	13.8854	Office of Environment and Heritage NSW Government	1 Population Centre	2018			
Western Pacific Region	AUS	Australia	Singleton	2014	7.77	21.04		93.05	93.32857143	13.7944	Office of Environment and Heritage NSW Government	1 Population Centre	2018			
Western Pacific Region	AUS	Australia	Singleton	2015	7.58	19.32		93.05	93.32857143	13.6124	Office of Environment and Heritage NSW Government	1 Population Centre	2018			
Western Pacific Region	AUS	Australia	Singleton	2016	7.85	19.3	17.13	97.74	96.92857213	95.16	Office of Environment and Heritage NSW Government	1 Population Centre	2018			
Western Pacific Region	AUS	Australia	Singleton	2019	10.9	30.1	14.23	97.5	98.9	97.3	NSW Department of Planning, Industry and Environment 2019 NEPM (in preparation)	1 Rural City/Centre	2022			
Western Pacific Region	AUS	Australia	Smithton	2019	4	13.8		96.7	96.7		EPA Tasmania	1 residential	2022			
Western Pacific Region	AUS	Australia	South Launceston	2019	5.2	9.8		99.7	99.7		EPA Tasmania	1 residential	2022			
Western Pacific Region	AUS	Australia	Southwest	2019	8.27	17.96		98.4	98.93333333		Department of Water and Environmental Regulation	4 residential (high density)	2022			
Western Pacific Region	AUS	Australia	St Helens	2019	2.1	5.3		99.7	99.7		EPA Tasmania	1 rural	2022			
Western Pacific Region	AUS	Australia	Sunshine Coast	2019		22.9	4.8		99	100	Qld Govt Open Data Portal	1 Urban residential	2022			
Western Pacific Region	AUS	Australia	Sydney	2013	8.09	17.08	15.39				Office of Environment and Heritage NSW Government	2 Campaign Site, 4 Non Nepm Site, 3 Peformance Site, 1 Tend Site, 5 Trend Site	2018			
Western Pacific Region	AUS	Australia	Sydney	2014	7.68	16.55	14.36				Office of Environment and Heritage NSW Government	2 Campaign Site, 4 Non Nepm Site, 3 Peformance Site, 1 Tend Site, 5 Trend Site	2018			
Western Pacific Region	AUS	Australia	Sydney	2015	7.78	15.58		93.05	93.32857143	14.5224	Office of Environment and Heritage NSW Government	2 Campaign Site, 4 Non Nepm Site, 3 Peformance Site, 1 Tend Site, 5 Trend Site	2018			
Western Pacific Region	AUS	Australia	Sydney	2016	7.88	16.51	14.69	97.79	96.92857218	95.21	Office of Environment and Heritage NSW Government	2 Campaign Site, 4 Non Nepm Site, 3 Peformance Site, 1 Tend Site, 5 Trend Site	2018			
Western Pacific Region	AUS	Australia	Sydney	2019	11.27	23.62	15.31	93.86666667	98.16666667	97.2418	NSW Department of Planning, Industry and Environment 2019 NEPM (in preparation)	7 Residential Suburban, 1 Residential Suburban/ Commercial, 1 Residential Suburban/Light Industrial, 2 Residential Suburban/Urban, 4 Urban Background (Transport)	2022			
Western Pacific Region	AUS	Australia	Tamworth	2013		16.59					Office of Environment and Heritage NSW Government	1 Campaign Site	2018			
Western Pacific Region	AUS	Australia	Tamworth	2014		15.81		96.133	98.17142935	15.1594	Office of Environment and Heritage NSW Government	1 Campaign Site	2018			
Western Pacific Region	AUS	Australia	Tamworth	2015		14.1		93.05	93.32857143	15.2504	Office of Environment and Heritage NSW Government	1 Campaign Site	2018			
Western Pacific Region	AUS	Australia	Tamworth	2016		15.31		97.82	96.92857221	95.24	Office of Environment and Heritage NSW Government	1 Campaign Site	2018			
Western Pacific Region	AUS	Australia	Tamworth	2019	14.4	33.7		97.8	98.9		NSW Department of Planning, Industry and Environment 2019 NEPM (in preparation)	1 Rural City/Centre	2022			
Western Pacific Region	AUS	Australia	Townsville	2014		16.75		97.85	96.92857224	95.27	http://www.qld.gov.au/environment/assets/documents/pollution/monitoring/air-reports/air-monitoring-report.pdf, http://www.qld.gov.au/environment/pollution/monitoring/air-monitoring/network-stations/	1 residential, 1 Residential (light industry)	2016			
Western Pacific Region	AUS	Australia	Townsville	2015		17.61		96.136	98.17142938	15.7054	Queensland Government Data	NA	2018			
Western Pacific Region	AUS	Australia	Townsville	2019	7	20.2	3.5	94	94	96	Qld Govt Open Data Portal	1 Urban residential	2022			
Western Pacific Region	AUS	Australia	Triabunna	2019	4.3	8.9		99.7	99.7		EPA Tasmania	1 residential	2022			
Western Pacific Region	AUS	Australia	Upper Hunter	2014	8.43						http://www.environment.nsw.gov.au/resources/aqms/150004nswairqual14.pdf	NA	2016			
Western Pacific Region	AUS	Australia	Wagga Wagga	2013	7.95	22.12		96.138	98.1714294	16.0694	Office of Environment and Heritage NSW Government	1 Campaign Site	2018			
Western Pacific Region	AUS	Australia	Wagga Wagga	2014	7.46	20.7					Office of Environment and Heritage NSW Government	1 Campaign Site	2018			
Western Pacific Region	AUS	Australia	Wagga Wagga	2015	7.6	19.9		96.139	98.17142941	16.2514	Office of Environment and Heritage NSW Government	1 Campaign Site	2018			
Western Pacific Region	AUS	Australia	Wagga Wagga	2016	7.38	20.63		97.88	96.92857227	95.3	Office of Environment and Heritage NSW Government	1 Campaign Site	2018			
Western Pacific Region	AUS	Australia	Wagga Wagga	2019	11.3	35.3		94.8	94.8		NSW Department of Planning, Industry and Environment 2019 NEPM (in preparation)	1 Rural City/Centre	2022			
Western Pacific Region	AUS	Australia	West Ulverstone	2019	3.3	7.9		99.7	99.7		EPA Tasmania	1 residential	2022			
Western Pacific Region	AUS	Australia	Westbury	2019	7.6	13.1		98.9	98.9		EPA Tasmania	1 residential	2022			
Western Pacific Region	AUS	Australia	Whyalla	2012		16.85		96.141	98.17142943	16.6154	EPA South Australia	1 Industry, 1 Residential	2018			
Western Pacific Region	AUS	Australia	Whyalla	2013		16.55		93.05	93.32857143	16.8884	EPA South Australia	1 Industry, 1 Residential	2018			
Western Pacific Region	AUS	Australia	Whyalla	2014		16.35		93.05	93.32857143	16.7064	EPA South Australia	1 Industry, 1 Residential	2018			
Western Pacific Region	AUS	Australia	Whyalla	2015		15.7		96.143	98.17142945	16.9794	EPA South Australia	1 Industry, 1 Residential	2018			
Western Pacific Region	AUS	Australia	Whyalla	2016		14.65		97.92	96.92857231	95.34	EPA South Australia	1 Industry, 1 Residential	2018			
Western Pacific Region	AUS	Australia	Whyalla	2017		14.8			96		EPA South Australia	1 Industry, 1 Residential	2022			
Western Pacific Region	AUS	Australia	Whyalla	2018		18.4			98		EPA South Australia	1 Industry, 1 Residential	2022			
Western Pacific Region	AUS	Australia	Whyalla	2019		22.25			90.5		EPA South Australia	1 Industry, 1 Residential	2022			
Western Pacific Region	AUS	Australia	Wollongong/Illawarra	2013	7.75	16.92	12.03	97.93	96.92857232	95.35	Office of Environment and Heritage NSW Government	2 Peformance Site, 1 Trend Site	2018			
Western Pacific Region	AUS	Australia	Wollongong/Illawarra	2014	7.01	17.05	10.89	97.94	96.92857233	95.36	Office of Environment and Heritage NSW Government	2 Peformance Site, 1 Trend Site	2018			
Western Pacific Region	AUS	Australia	Wollongong/Illawarra	2015	6.98	16.23	11.06				Office of Environment and Heritage NSW Government	2 Peformance Site, 1 Trend Site	2018			
Western Pacific Region	AUS	Australia	Wollongong/Illawarra	2016	7.06	17.4	10.28				Office of Environment and Heritage NSW Government	2 Peformance Site, 1 Trend Site	2018			
Western Pacific Region	AUS	Australia	Wollongong/Illawarra	2019	8.8	22.53	10.18	95.53333333	91.6	97.16866667	NSW Department of Planning, Industry and Environment 2019 NEPM (in preparation)	3 Residential Suburban	2022			
Western Pacific Region	AUS	Australia	Wynnum	2015	3.69	13.79	12.29				Queensland Government Data	NA	2018			
Western Pacific Region	AUS	Australia	Wynnum	2016	4.16	13.62		93.05	93.32857143	17.4344	Queensland Government Data	NA	2018			
Western Pacific Region	AUS	Australia	Wynyard	2019	5	10.2		99.7	99.7		EPA Tasmania	1 residential	2022			
Western Pacific Region	AUS	Australia	Wyong	2013	6.7	16.58		93.05	93.32857143	17.7984	Office of Environment and Heritage NSW Government	1 Peformance Site	2018			
Western Pacific Region	AUS	Australia	Wyong	2014	5.49	15.06		96.147	98.17142949	17.7074	Office of Environment and Heritage NSW Government	1 Peformance Site	2018			
Western Pacific Region	AUS	Australia	Wyong	2015	5.19	14.87	9.28	97.97	96.92857236	95.39	Office of Environment and Heritage NSW Government	1 Peformance Site	2018			
Western Pacific Region	AUS	Australia	Wyong	2016	5.75	15.22		96.148	98.1714295	17.8894	Office of Environment and Heritage NSW Government	1 Peformance Site	2018			
Western Pacific Region	AUS	Australia	Yarwun	2015	5.1	13.18	9.02				Queensland Government Data	NA	2018			
Western Pacific Region	AUS	Australia	Yarwun	2016	4.58	14.01		97.99	96.92857238	95.41	Queensland Government Data	NA	2018			
European Region	AUT	Austria	Am Rechen	2013			15.69			95.12557078	European Environment Agency (downloaded in 2021)	NA	2022			
European Region	AUT	Austria	Am Rechen	2014			15.55			95.17123288	European Environment Agency (downloaded in 2021)	NA	2022			
European Region	AUT	Austria	Am Rechen	2015			17.43			95.37671233	European Environment Agency (downloaded in 2021)	NA	2022			
European Region	AUT	Austria	Am Rechen	2016			16.8			95.36657559	European Environment Agency (downloaded in 2021)	NA	2022			
European Region	AUT	Austria	Am Rechen	2017			15.82			95.38812785	European Environment Agency (downloaded in 2021)	NA	2022			
European Region	AUT	Austria	Am Rechen	2018			16.17			95.4109589	European Environment Agency (downloaded in 2021)	NA	2022			
European Region	AUT	Austria	Am Rechen	2019			15.57			94.62328767	European Environment Agency (downloaded in 2021)	NA	2022			
European Region	AUT	Austria	Amstetten	2010		24.26	26.01		99.304	93.607	European Environment Agency (downloaded in 2021)	2 suburban	2022			
European Region	AUT	Austria	Amstetten	2013		21.59	22.4			94.84018265	European Environment Agency (downloaded in 2021)	NA	2022			
European Region	AUT	Austria	Amstetten	2014		19.35	21.8			95.1369863	European Environment Agency (downloaded in 2021)	NA	2022			
European Region	AUT	Austria	Amstetten	2015		20.45	23.62			95.43378995	European Environment Agency (downloaded in 2021)	NA	2022			
European Region	AUT	Austria	Amstetten	2016		17.28	20.72			95.4007286	European Environment Agency (downloaded in 2021)	NA	2022			
European Region	AUT	Austria	Amstetten	2017		18.87	21.11			95.46803653	European Environment Agency (downloaded in 2021)	NA	2022			
European Region	AUT	Austria	Amstetten	2018		21.22	20.52			95.14840183	European Environment Agency (downloaded in 2021)	NA	2022			
European Region	AUT	Austria	Amstetten	2019		17.43	18.87			95.53652968	European Environment Agency (downloaded in 2021)	NA	2022			
European Region	AUT	Austria	Arnoldstein	2010		16.31	14.07		99.7375	95.24	European Environment Agency (downloaded in 2021)	3 rural	2022			
European Region	AUT	Austria	Arnoldstein	2013		14.19					European Environment Agency (downloaded in 2021)	NA	2022			
European Region	AUT	Austria	Arnoldstein	2014		11.17					European Environment Agency (downloaded in 2021)	NA	2022			
European Region	AUT	Austria	Arnoldstein	2015		13.18					European Environment Agency (downloaded in 2021)	NA	2022			
European Region	AUT	Austria	Arnoldstein	2016		11.99					European Environment Agency (downloaded in 2021)	NA	2022			
European Region	AUT	Austria	Arnoldstein	2017		12.69					European Environment Agency (downloaded in 2021)	NA	2022			
European Region	AUT	Austria	Arnoldstein	2018		14.02					European Environment Agency (downloaded in 2021)	NA	2022			
European Region	AUT	Austria	Arnoldstein	2019		12.57					European Environment Agency (downloaded in 2021)	NA	2022			
European Region	AUT	Austria	Bad Ischl	2010		21.09	14.66		98.63	91.929	European Environment Agency (downloaded in 2021)	2 suburban	2022			
European Region	AUT	Austria	Bad Vöslau	2010		21.61	17.25		99.521	94.429	European Environment Agency (downloaded in 2021)	2 suburban	2022			
European Region	AUT	Austria	Bad Vöslau	2013		17.96	14.04			92.57990868	European Environment Agency (downloaded in 2021)	NA	2022			
European Region	AUT	Austria	Bad Vöslau	2014		16.59	13.13			94.25799087	European Environment Agency (downloaded in 2021)	NA	2022			
European Region	AUT	Austria	Bad Vöslau	2015		18.14	12.89			94.66894977	European Environment Agency (downloaded in 2021)	NA	2022			
European Region	AUT	Austria	Bad Vöslau	2016		17.36	12.17			93.56785064	European Environment Agency (downloaded in 2021)	NA	2022			
European Region	AUT	Austria	Bad Vöslau	2017		16.47	11.71			95.50228311	European Environment Agency (downloaded in 2021)	NA	2022			
European Region	AUT	Austria	Bad Vöslau	2018		19.1	13.34			95.53652968	European Environment Agency (downloaded in 2021)	NA	2022			
European Region	AUT	Austria	Bad Vöslau	2019		13.72	10			95.58219178	European Environment Agency (downloaded in 2021)	NA	2022			
European Region	AUT	Austria	Biedermannsdorf	2010		25.69	30.16		99.498	94.406	European Environment Agency (downloaded in 2021)	2 suburban	2022			
European Region	AUT	Austria	Biedermannsdorf	2013		20.23	26.75			95.28538813	European Environment Agency (downloaded in 2021)	NA	2022			
European Region	AUT	Austria	Biedermannsdorf	2014		18.59	27.35			94.7716895	European Environment Agency (downloaded in 2021)	NA	2022			
European Region	AUT	Austria	Biedermannsdorf	2015		19.15	28.5			92.07762557	European Environment Agency (downloaded in 2021)	NA	2022			
European Region	AUT	Austria	Biedermannsdorf	2016		18.48	27.91			95.58287796	European Environment Agency (downloaded in 2021)	NA	2022			
European Region	AUT	Austria	Biedermannsdorf	2017		19.69	26.25			94.38356164	European Environment Agency (downloaded in 2021)	NA	2022			
European Region	AUT	Austria	Biedermannsdorf	2018		22.8	23.35			95.51369863	European Environment Agency (downloaded in 2021)	NA	2022			
European Region	AUT	Austria	Biedermannsdorf	2019		16.53	21.15			95.59360731	European Environment Agency (downloaded in 2021)	NA	2022			
European Region	AUT	Austria	Bludenz	2010		18.71	24.82		99.178	95.205	European Environment Agency (downloaded in 2021)	2 suburban	2022			
European Region	AUT	Austria	Bludenz	2013		17.58	23.36			94.96575342	European Environment Agency (downloaded in 2021)	NA	2022			
European Region	AUT	Austria	Bludenz	2014		13.55	20.9			95.28538813	European Environment Agency (downloaded in 2021)	NA	2022			
European Region	AUT	Austria	Bludenz	2015			24.02			95.1369863	European Environment Agency (downloaded in 2021)	NA	2022			
European Region	AUT	Austria	Bludenz	2016		14.41	22.22			95.42349727	European Environment Agency (downloaded in 2021)	NA	2022			
European Region	AUT	Austria	Bludenz	2017		13.76	22.27			95.46803653	European Environment Agency (downloaded in 2021)	NA	2022			
European Region	AUT	Austria	Bratislava	2010		24.37	16.15		95.103	94.703	European Environment Agency (downloaded in 2021)	2 suburban	2022			
European Region	AUT	Austria	Bratislava	2013		23.58	13.57			90.53652968	European Environment Agency (downloaded in 2021)	NA	2022			
European Region	AUT	Austria	Bratislava	2014		23.84	13.94			94.65753425	European Environment Agency (downloaded in 2021)	NA	2022			
European Region	AUT	Austria	Bratislava	2015		24.06	14.32			95.55936073	European Environment Agency (downloaded in 2021)	NA	2022			
European Region	AUT	Austria	Bratislava	2016		21.62	14.39			95.45765027	European Environment Agency (downloaded in 2021)	NA	2022			
European Region	AUT	Austria	Bratislava	2017		21.78	14.32			94.15525114	European Environment Agency (downloaded in 2021)	NA	2022			
European Region	AUT	Austria	Bratislava	2018		25.25	14.24			95.44520548	European Environment Agency (downloaded in 2021)	NA	2022			
European Region	AUT	Austria	Bratislava	2019		19.35	12.2			95.73059361	European Environment Agency (downloaded in 2021)	NA	2022			
European Region	AUT	Austria	Braunau	2010		23.47	22.67		96.336	89.144	European Environment Agency (downloaded in 2021)	2 suburban	2022			
European Region	AUT	Austria	Braunau Am Inn	2013		21.31	21.12			92.44292237	European Environment Agency (downloaded in 2021)	NA	2022			
European Region	AUT	Austria	Braunau Am Inn	2014		18.04	17.16			93.08219178	European Environment Agency (downloaded in 2021)	NA	2022			
European Region	AUT	Austria	Braunau Am Inn	2015	12.52	17.59	18.14			87.1347032	European Environment Agency (downloaded in 2021)	NA	2022			
European Region	AUT	Austria	Braunau Am Inn	2016	11.97	16.96	20.4			91.4503643	European Environment Agency (downloaded in 2021)	NA	2022			
European Region	AUT	Austria	Braunau Am Inn	2017	13.1	16.86					European Environment Agency (downloaded in 2021)	NA	2022			
European Region	AUT	Austria	Braunau Am Inn	2018	13.27	17.83	18.89			93.80136986	European Environment Agency (downloaded in 2021)	NA	2022			
European Region	AUT	Austria	Braunau Am Inn	2019	12.48	17.83	17.68			93.74429224	European Environment Agency (downloaded in 2021)	NA	2022			
European Region	AUT	Austria	Brixlegg	2010		23.99			99.726		European Environment Agency (downloaded in 2021)	1 rural	2022			
European Region	AUT	Austria	Brixlegg	2013	16.12	22.37					European Environment Agency (downloaded in 2021)	NA	2022			
European Region	AUT	Austria	Brixlegg	2014	10.67	15.89					European Environment Agency (downloaded in 2021)	NA	2022			
European Region	AUT	Austria	Brixlegg	2015		17.46					European Environment Agency (downloaded in 2021)	NA	2022			
European Region	AUT	Austria	Brixlegg	2016	11.07	14.76					European Environment Agency (downloaded in 2021)	NA	2022			
European Region	AUT	Austria	Brixlegg	2017	10.79	13.87					European Environment Agency (downloaded in 2021)	NA	2022			
European Region	AUT	Austria	Brixlegg	2018	12.21	17.11					European Environment Agency (downloaded in 2021)	NA	2022			
European Region	AUT	Austria	Brixlegg	2019	10.08	14.46					European Environment Agency (downloaded in 2021)	NA	2022			
European Region	AUT	Austria	Bruck An Der Mur	2010		25.9	19.57		96.381	94.132	European Environment Agency (downloaded in 2021)	2 suburban	2022			
European Region	AUT	Austria	Bruck An Der Mur	2013		23.88	18.28			95.62785388	European Environment Agency (downloaded in 2021)	NA	2022			
European Region	AUT	Austria	Bruck An Der Mur	2014		22.41	16.96			95.65068493	European Environment Agency (downloaded in 2021)	NA	2022			
European Region	AUT	Austria	Bruck An Der Mur	2015		24.59	18.56			95.58219178	European Environment Agency (downloaded in 2021)	NA	2022			
European Region	AUT	Austria	Bruck An Der Mur	2016		20.66	17.25			95.56010929	European Environment Agency (downloaded in 2021)	NA	2022			
European Region	AUT	Austria	Bruck An Der Mur	2017		18.96	18.5			95.65068493	European Environment Agency (downloaded in 2021)	NA	2022			
European Region	AUT	Austria	Bruck An Der Mur	2018		17.75	16.26			95.60502283	European Environment Agency (downloaded in 2021)	NA	2022			
European Region	AUT	Austria	Bruck An Der Mur	2019		15.29	14.86			95.63926941	European Environment Agency (downloaded in 2021)	NA	2022			
European Region	AUT	Austria	Burgfried	2013		24.16	43.09			95.54794521	European Environment Agency (downloaded in 2021)	NA	2022			
European Region	AUT	Austria	Burgfried	2014	11.69	18.95	38.7			95.456621	European Environment Agency (downloaded in 2021)	NA	2022			
European Region	AUT	Austria	Burgfried	2015		18.16	42.64			95.68493151	European Environment Agency (downloaded in 2021)	NA	2022			
European Region	AUT	Austria	Burgfried	2016	11.58	16.32	40.16			95.51457195	European Environment Agency (downloaded in 2021)	NA	2022			
European Region	AUT	Austria	Burgfried	2017	12.72	17.18	40.19			95.61643836	European Environment Agency (downloaded in 2021)	NA	2022			
European Region	AUT	Austria	Burgfried	2018	13.03	17.55	36.9			95.57077626	European Environment Agency (downloaded in 2021)	NA	2022			
European Region	AUT	Austria	Burgfried	2019	10.68	15.11	36			95.68493151	European Environment Agency (downloaded in 2021)	NA	2022			
European Region	AUT	Austria	Dalaas	2010			29.07			95.639	European Environment Agency (downloaded in 2021)	1 rural	2022			
European Region	AUT	Austria	Dalaas	2013			27.89			95.33105023	European Environment Agency (downloaded in 2021)	NA	2022			
European Region	AUT	Austria	Dalaas	2014			26.48			95.33105023	European Environment Agency (downloaded in 2021)	NA	2022			
European Region	AUT	Austria	Dalaas	2015			28.11			95.1826484	European Environment Agency (downloaded in 2021)	NA	2022			
European Region	AUT	Austria	Dalaas	2016			26.62			95.51457195	European Environment Agency (downloaded in 2021)	NA	2022			
European Region	AUT	Austria	Dalaas	2017			24.66			95.35388128	European Environment Agency (downloaded in 2021)	NA	2022			
European Region	AUT	Austria	Dalaas	2018			25.06			95.59360731	European Environment Agency (downloaded in 2021)	NA	2022			
European Region	AUT	Austria	Dalaas	2019			22.73			94.69178082	European Environment Agency (downloaded in 2021)	NA	2022			
European Region	AUT	Austria	Deutschlandsberg	2010		23.04	16.34		100	94.589	European Environment Agency (downloaded in 2021)	2 suburban	2022			
European Region	AUT	Austria	Deutschlandsberg	2013		22.44	15.72			93.32191781	European Environment Agency (downloaded in 2021)	NA	2022			
European Region	AUT	Austria	Deutschlandsberg	2014		18.27	13.5			95.39954338	European Environment Agency (downloaded in 2021)	NA	2022			
European Region	AUT	Austria	Deutschlandsberg	2015		19.52	13.19			95.47945205	European Environment Agency (downloaded in 2021)	NA	2022			
European Region	AUT	Austria	Deutschlandsberg	2016		17.97	13.25			95.49180328	European Environment Agency (downloaded in 2021)	NA	2022			
European Region	AUT	Austria	Deutschlandsberg	2017		18.31	13.97			91.87214612	European Environment Agency (downloaded in 2021)	NA	2022			
European Region	AUT	Austria	Deutschlandsberg	2018		18.21	13.22			93.78995434	European Environment Agency (downloaded in 2021)	NA	2022			
European Region	AUT	Austria	Deutschlandsberg	2019		16.03	11.71			95.54794521	European Environment Agency (downloaded in 2021)	NA	2022			
European Region	AUT	Austria	Donawitz	2013		21.23	18.8			95.65068493	European Environment Agency (downloaded in 2021)	NA	2022			
European Region	AUT	Austria	Donawitz	2014		19.96	16.68			94.94292237	European Environment Agency (downloaded in 2021)	NA	2022			
European Region	AUT	Austria	Donawitz	2015		24.81	18.23			95.57077626	European Environment Agency (downloaded in 2021)	NA	2022			
European Region	AUT	Austria	Donawitz	2016		15.68	16.59			95.63979964	European Environment Agency (downloaded in 2021)	NA	2022			
European Region	AUT	Austria	Donawitz	2017		17.57	17.84			95.66210046	European Environment Agency (downloaded in 2021)	NA	2022			
European Region	AUT	Austria	Donawitz	2018		17.55	15.68			95.06849315	European Environment Agency (downloaded in 2021)	NA	2022			
European Region	AUT	Austria	Donawitz	2019		15.61	15.08			95.61643836	European Environment Agency (downloaded in 2021)	NA	2022			
European Region	AUT	Austria	Dornbirn	2010		21.64	34.55		99.178	95.822	European Environment Agency (downloaded in 2021)	2 urban	2022			
European Region	AUT	Austria	Dornbirn	2013		19.03	29.29			94.37214612	European Environment Agency (downloaded in 2021)	NA	2022			
European Region	AUT	Austria	Dornbirn	2014	9.72	15.32	31.13			94.32648402	European Environment Agency (downloaded in 2021)	NA	2022			
European Region	AUT	Austria	Dornbirn	2015			33.85			95.11415525	European Environment Agency (downloaded in 2021)	NA	2022			
European Region	AUT	Austria	Dornbirn	2016	10.71	15.32	30.69			95.10473588	European Environment Agency (downloaded in 2021)	NA	2022			
European Region	AUT	Austria	Dornbirn	2017	9.66	14.21	29.87			95.25114155	European Environment Agency (downloaded in 2021)	NA	2022			
European Region	AUT	Austria	Dornbirn	2018	10.51	16.34	28.46			95.1369863	European Environment Agency (downloaded in 2021)	NA	2022			
European Region	AUT	Austria	Dornbirn	2019	9.28	14.77	26.58			94.7716895	European Environment Agency (downloaded in 2021)	NA	2022			
European Region	AUT	Austria	Durnrohr	2013	18.74		15.02			94.93150685	European Environment Agency (downloaded in 2021)	NA	2022			
European Region	AUT	Austria	Durnrohr	2014	14.41		13.94			93.98401826	European Environment Agency (downloaded in 2021)	NA	2022			
European Region	AUT	Austria	Durnrohr	2015	14.52		14.03			94.88584475	European Environment Agency (downloaded in 2021)	NA	2022			
European Region	AUT	Austria	Durnrohr	2016	13.49		13.97			95.6284153	European Environment Agency (downloaded in 2021)	NA	2022			
European Region	AUT	Austria	Durnrohr	2017	11.47		13.89			95.54794521	European Environment Agency (downloaded in 2021)	NA	2022			
European Region	AUT	Austria	Durnrohr	2018	10.77		12.34			95.55936073	European Environment Agency (downloaded in 2021)	NA	2022			
European Region	AUT	Austria	Durnrohr	2019	9.53		12.07			95.55936073	European Environment Agency (downloaded in 2021)	NA	2022			
European Region	AUT	Austria	Ebenthal	2010		25.51	19.61		100	95.377	European Environment Agency (downloaded in 2021)	2 rural	2022			
European Region	AUT	Austria	Ebenthal In Karnten	2013		20.39					European Environment Agency (downloaded in 2021)	NA	2022			
European Region	AUT	Austria	Ebenthal In Karnten	2014		17.42					European Environment Agency (downloaded in 2021)	NA	2022			
European Region	AUT	Austria	Ebenthal In Karnten	2015		21.4					European Environment Agency (downloaded in 2021)	NA	2022			
European Region	AUT	Austria	Ebenthal In Karnten	2016		20.99					European Environment Agency (downloaded in 2021)	NA	2022			
European Region	AUT	Austria	Ebenthal In Karnten	2017		22.13					European Environment Agency (downloaded in 2021)	NA	2022			
European Region	AUT	Austria	Ebenthal In Karnten	2018		22.4					European Environment Agency (downloaded in 2021)	NA	2022			
European Region	AUT	Austria	Ebenthal In Karnten	2019		18.66					European Environment Agency (downloaded in 2021)	NA	2022			
European Region	AUT	Austria	Eisenstadt	2010		25.54	20.13		94.452	94.498	European Environment Agency (downloaded in 2021)	2 suburban	2022			
European Region	AUT	Austria	Eisenstadt	2013	18.84	22.59	18.58			95.456621	European Environment Agency (downloaded in 2021)	NA	2022			
European Region	AUT	Austria	Eisenstadt	2014	16.35	21.34	17.68			94.47488584	European Environment Agency (downloaded in 2021)	NA	2022			
European Region	AUT	Austria	Eisenstadt	2015	14.57	21.21	18.68			95.44520548	European Environment Agency (downloaded in 2021)	NA	2022			
European Region	AUT	Austria	Eisenstadt	2016	13.41	19.35	18.68			95.56010929	European Environment Agency (downloaded in 2021)	NA	2022			
European Region	AUT	Austria	Eisenstadt	2017	12.85	19.83	18.2			95.50228311	European Environment Agency (downloaded in 2021)	NA	2022			
European Region	AUT	Austria	Eisenstadt	2018	13.79	23.47	17.03			95.46803653	European Environment Agency (downloaded in 2021)	NA	2022			
European Region	AUT	Austria	Eisenstadt	2019	10.66	18.36	15.58			94.82876712	European Environment Agency (downloaded in 2021)	NA	2022			
European Region	AUT	Austria	Enns	2010		28.26	53.11		100	94.258	European Environment Agency (downloaded in 2021)	2 rural	2022			
European Region	AUT	Austria	Enns	2013	16.25	23.93	47.23			94.28082192	European Environment Agency (downloaded in 2021)	NA	2022			
European Region	AUT	Austria	Enns	2014	13.85	20.7	45.16			94.06392694	European Environment Agency (downloaded in 2021)	NA	2022			
European Region	AUT	Austria	Enns	2015	14.4	20.99	45.2			94.8630137	European Environment Agency (downloaded in 2021)	NA	2022			
European Region	AUT	Austria	Enns	2016		21.11	42.55			94.92258652	European Environment Agency (downloaded in 2021)	NA	2022			
European Region	AUT	Austria	Enns	2017	13.78	20.41	43.61			93.10502283	European Environment Agency (downloaded in 2021)	NA	2022			
European Region	AUT	Austria	Enns	2018	16.76	23.13	38.36			94.37214612	European Environment Agency (downloaded in 2021)	NA	2022			
European Region	AUT	Austria	Enns	2019	12.11	18.81	36.98			94.10958904	European Environment Agency (downloaded in 2021)	NA	2022			
European Region	AUT	Austria	Feldkirch	2010		26.02	56.62		100	95.457	European Environment Agency (downloaded in 2021)	2 urban	2022			
European Region	AUT	Austria	Feldkirch	2013		23.15	55.38			95.54794521	European Environment Agency (downloaded in 2021)	NA	2022			
European Region	AUT	Austria	Feldkirch	2014		19.47	46.48			95.30821918	European Environment Agency (downloaded in 2021)	NA	2022			
European Region	AUT	Austria	Feldkirch	2015			44.91			95.52511416	European Environment Agency (downloaded in 2021)	NA	2022			
European Region	AUT	Austria	Feldkirch	2016		15.75	41.91			94.3647541	European Environment Agency (downloaded in 2021)	NA	2022			
European Region	AUT	Austria	Feldkirch	2017		15.43	41.02			94.84018265	European Environment Agency (downloaded in 2021)	NA	2022			
European Region	AUT	Austria	Feldkirch	2018		16.83	37.83			95.1826484	European Environment Agency (downloaded in 2021)	NA	2022			
European Region	AUT	Austria	Feldkirch	2019		15.77	35.78			95.4109589	European Environment Agency (downloaded in 2021)	NA	2022			
European Region	AUT	Austria	Freistadt	2010	10.91	14.55	7.37	94.521	95.856	92.774	European Environment Agency (downloaded in 2021)	3 rural	2022			
European Region	AUT	Austria	Freistadt	2013	9.23	12.53	6.8			89.82876712	European Environment Agency (downloaded in 2021)	NA	2022			
European Region	AUT	Austria	Freistadt	2014	7.59	11.16	6.61			93.00228311	European Environment Agency (downloaded in 2021)	NA	2022			
European Region	AUT	Austria	Freistadt	2015	9.1	12.05	6.67			92.73972603	European Environment Agency (downloaded in 2021)	NA	2022			
European Region	AUT	Austria	Freistadt	2016	8.85	12.04	6.37			93.62477231	European Environment Agency (downloaded in 2021)	NA	2022			
European Region	AUT	Austria	Freistadt	2017	8.75	11.96	5.75			92.3173516	European Environment Agency (downloaded in 2021)	NA	2022			
European Region	AUT	Austria	Freistadt	2018	10.23	14.28	5.11			93.19634703	European Environment Agency (downloaded in 2021)	NA	2022			
European Region	AUT	Austria	Freistadt	2019	7.25	9.77	4.05			94.26940639	European Environment Agency (downloaded in 2021)	NA	2022			
European Region	AUT	Austria	Furstenfeld	2010		27.96	22.44		99.612	94.977	European Environment Agency (downloaded in 2021)	2 suburban	2022			
European Region	AUT	Austria	Furstenfeld	2013		25.75	16.98			95.69634703	European Environment Agency (downloaded in 2021)	NA	2022			
European Region	AUT	Austria	Furstenfeld	2014		23.93	16.02			95.62785388	European Environment Agency (downloaded in 2021)	NA	2022			
European Region	AUT	Austria	Furstenfeld	2015		25.08	18.65			95.65068493	European Environment Agency (downloaded in 2021)	NA	2022			
European Region	AUT	Austria	Furstenfeld	2016		21.21	16.57			95.61703097	European Environment Agency (downloaded in 2021)	NA	2022			
European Region	AUT	Austria	Furstenfeld	2017		20.8	17.79			95.21689498	European Environment Agency (downloaded in 2021)	NA	2022			
European Region	AUT	Austria	Furstenfeld	2018		21.15	15.31			95.62785388	European Environment Agency (downloaded in 2021)	NA	2022			
European Region	AUT	Austria	Furstenfeld	2019		17.97	14.44			95.67351598	European Environment Agency (downloaded in 2021)	NA	2022			
European Region	AUT	Austria	Galtur	2018			7.08			95.35388128	European Environment Agency (downloaded in 2021)	NA	2022			
European Region	AUT	Austria	Gänserndorf	2010		25.55	15.52		99.543	94.612	European Environment Agency (downloaded in 2021)	2 suburban	2022			
European Region	AUT	Austria	Gänserndorf	2013		20.64	12.41			95.51369863	European Environment Agency (downloaded in 2021)	NA	2022			
European Region	AUT	Austria	Gänserndorf	2014		19.26	12.09			95.61643836	European Environment Agency (downloaded in 2021)	NA	2022			
European Region	AUT	Austria	Gänserndorf	2015		20.23	13.05			95.58219178	European Environment Agency (downloaded in 2021)	NA	2022			
European Region	AUT	Austria	Gänserndorf	2016		19.16	12.07			95.5942623	European Environment Agency (downloaded in 2021)	NA	2022			
European Region	AUT	Austria	Gänserndorf	2017		20.32	12.42			95.57077626	European Environment Agency (downloaded in 2021)	NA	2022			
European Region	AUT	Austria	Gänserndorf	2018		22.3	10.99			95.25114155	European Environment Agency (downloaded in 2021)	NA	2022			
European Region	AUT	Austria	Gänserndorf	2019		17.05	9.79			95.50228311	European Environment Agency (downloaded in 2021)	NA	2022			
European Region	AUT	Austria	Gemeinde Gratwein	2010			20.11			91.484	European Environment Agency (downloaded in 2021)	1 rural	2022			
European Region	AUT	Austria	Gemeinde Imst	2013		18.13	38.99			96.07305936	European Environment Agency (downloaded in 2021)	NA	2022			
European Region	AUT	Austria	Gemeinde Imst	2014		14.26	36.75			95.57077626	European Environment Agency (downloaded in 2021)	NA	2022			
European Region	AUT	Austria	Gemeinde Imst	2015		16.44	37.72			95.38812785	European Environment Agency (downloaded in 2021)	NA	2022			
European Region	AUT	Austria	Gemeinde Imst	2016		13.85	35.16			95.5942623	European Environment Agency (downloaded in 2021)	NA	2022			
European Region	AUT	Austria	Gemeinde Imst	2017		13.23	34.08			95.55936073	European Environment Agency (downloaded in 2021)	NA	2022			
European Region	AUT	Austria	Gemeinde Imst	2018		15.4	32.4			95.62785388	European Environment Agency (downloaded in 2021)	NA	2022			
European Region	AUT	Austria	Gemeinde Imst	2019		13.51	29.35			95.51369863	European Environment Agency (downloaded in 2021)	NA	2022			
European Region	AUT	Austria	Gmunden	2013	11.63	16.42	16.53			93.76712329	European Environment Agency (downloaded in 2021)	NA	2022			
European Region	AUT	Austria	Gmunden	2014	8.24	13.01	15.19			93.76712329	European Environment Agency (downloaded in 2021)	NA	2022			
European Region	AUT	Austria	Gmunden	2015	9.27	13.35	15.96			94.09817352	European Environment Agency (downloaded in 2021)	NA	2022			
European Region	AUT	Austria	Gmunden	2016	8.68	12.06	14.57			93.96630237	European Environment Agency (downloaded in 2021)	NA	2022			
European Region	AUT	Austria	Gmunden	2017	8.74	12.08	14.76			94.98858447	European Environment Agency (downloaded in 2021)	NA	2022			
European Region	AUT	Austria	Gmunden	2018	10.37	14.75	13.23			95.03424658	European Environment Agency (downloaded in 2021)	NA	2022			
European Region	AUT	Austria	Gmunden	2019	8.42	12.51	12.39			94.46347032	European Environment Agency (downloaded in 2021)	NA	2022			
European Region	AUT	Austria	Goss	2013		20.35	24.55			95.58219178	European Environment Agency (downloaded in 2021)	NA	2022			
European Region	AUT	Austria	Goss	2014		18.89	22.83			76.49543379	European Environment Agency (downloaded in 2021)	NA	2022			
European Region	AUT	Austria	Goss	2015		17.05					European Environment Agency (downloaded in 2021)	NA	2022			
European Region	AUT	Austria	Goss	2016		15.96	24.03			95.6284153	European Environment Agency (downloaded in 2021)	NA	2022			
European Region	AUT	Austria	Goss	2017		16.9	24.59			95.65068493	European Environment Agency (downloaded in 2021)	NA	2022			
European Region	AUT	Austria	Goss	2018		18.68	23.36			95.59360731	European Environment Agency (downloaded in 2021)	NA	2022			
European Region	AUT	Austria	Goss	2019		15.57	22.26			95.67351598	European Environment Agency (downloaded in 2021)	NA	2022			
